{
	"PI": {
		"BM": {
			"Baquerizo Moreno": [-1.22815, -78.497618],
			"Plazuela": [-1.232731, -78.504157]
		},
		"CN": {
			"Ciudadela el Chofer": [-1.178242, -78.546737],
			"Ciudad Nueva": [-1.173622, -78.550283],
			"Robalinopamba": [-1.169154, -78.554462],
			"Santa Teresita": [-1.179032, -78.56301],
			"La Tranquilla": [-1.171212, -78.549789],
			"La Florida": [-1.184806, -78.56032],
			"Santa Marianita": [-1.176262, -78.559788]
		},
		"EMT": {
			"Centro": [-1.225136, -78.514642],
			"El Estadio": [-1.221499, -78.509403],
			"Cutzatahua": [-1.233766, -78.509406],
			"Juanillo": [-1.221722, -78.524257],
			"Quillán Alemania": [-1.228969, -78.532824],
			"Hornopamba": [-1.228722, -78.521937],
			"Rumipamba": [-1.231753, -78.51609],
			"El Chilcal": [-1.220039, -78.50399],
			"Saguancocha": [-1.215926, -78.503913],
			"Capulicito": [-1.228157, -78.507303]
		},
		"LM": {
			"San Luis": [-1.175789, -78.541649],
			"Callate": [-1.167618, -78.542724],
			"El Belén": [-1.168567, -78.545857],
			"24 de Mayo": [-1.171392, -78.539785],
			"La Primavera": [-1.183131, -78.549593],
			"Centro": [-1.172605, -78.542566],
			"San Vicente": [-1.188041, -78.54064],
			"La Merced": [-1.14182, -78.521004],
			"Capillapamba": [-1.159514, -78.531877],
			"Jesús del Gran Poder": [-1.191817, -78.553314],
			"Las Acacias": [-1.1699, -78.545162],
			"San Marcos": [-1.16891, -78.542158],
			"Ciudadela Valle Hermoso": [-1.1810007, -78.5438857],
			"San Bartolomé": [-1.176601, -78.537263],
			"Quinta Niña María": [-1.180811, -78.540308],
			"Tunguipamba": [-1.156373, -78.52349],
			"Pobres Millonarios": [-1.164118, -78.544889],
			"San Francisco": [-1.13344, -78.526164],
			"Cochaló": [-1.168629, -78.528578],
			"Chacata San Antonio": [-1.184187, -78.536314],
			"Empresa Eléctrica": [-1.175296, -78.545964],
			"La Elevación": [-1.191107, -78.547517],
			"Callate San Antonio": [-1.154744, -78.539064],
			"San Fernando": [-1.145455, -78.531429],
			"La Libertad": [-1.140389, -78.525376],
			"El Quinche": [-1.177077, -78.535364]
		},
		"SA": {
			"San Andrés": [-1.134743, -78.539935],
			"Huapante Grande": [-1.082809, -78.548051],
			"Baratillo": [-1.13112, -78.531314],
			"Huapante Chico": [-1.101042, -78.547456],
			"San Pedro del Capulí": [-1.125191, -78.547957],
			"Andahualo La Unión": [-1.114764, -78.504571],
			"La Unión": [-1.13572, -78.544136],
			"El Triunfo": [-1.13125, -78.540353],
			"La Victoria": [-1.125578, -78.529517],
			"San José La Victoria": [-1.123095, -78.531201],
			"San Jacinto": [-1.118968, -78.540817],
			"Yanahurco": [-1.120617, -78.534267],
			"Corazón de Jesús": [-1.125576, -78.525287],
			"Andahualo El Porvenir": [-1.118574, -78.515336],
			"Andahualo San Isidro": [-1.102408, -78.507719],
			"Andahualo El Quinche": [-1.101599, -78.515269],
			"Andahualo Paccha San Luis": [-1.093894, -78.515934],
			"Yatchil Campo Alegre": [-1.101322, -78.524464],
			"Yatchil Soria": [-1.105476, -78.531405],
			"Yatchil San Fernando": [-1.102202, -78.536115],
			"Yatchil Las Playas": [-1.093446, -78.536424],
			"Chaupiloma": [-1.087691, -78.528058],
			"San Juan Chaupi": [-1.06912, -78.531027],
			"Cardosanto": [-1.064899, -78.535528],
			"San Pablo de Yanayacu": [-1.063421, -78.563927],
			"Cochaverde": [-1.08834, -78.546123],
			"San Gregorio": [-1.096699, -78.545948],
			"Jesús del Gran Poder": [-1.106696, -78.546136],
			"La Lindera": [-1.11092, -78.545165],
			"San Antonio de Chinintahua": [-1.116163, -78.550157],
			"San Miguel de Chinintahua": [-1.116072, -78.555612]
		},
		"SJP": {
			"San Jorge": [-1.103095, -78.484844],
			"Centro": [-1.102163, -78.480462],
			"Huagrahuasi": [-1.1228202, -78.4858284],
			"Huagrahuasi Chico": [-1.117326, -78.484505],
			"Censo": [-1.112101, -78.472312],
			"Cunuyacu Relleno": [-1.09529, -78.465765],
			"Cunuyacu La Loma": [-1.097575, -78.467897],
			"Santa Rita": [-1.126196, -78.513956],
			"Quildahua": [-1.099468, -78.494234],
			"El Estadio": [-1.097958, -78.472044],
			"Dos Acequias": [-1.12082, -78.497905],
			"Huagrahuasi El Rosario": [-1.127627, -78.477504],
			"Santo Domingo": [-1.104323, -78.470849]
		},
		"PU": {
			"Chagrapamba": [-1.15736, -78.548596],
			"Santa Rosa": [-1.152884, -78.543258],
			"La Esperanza": [-1.1457506, -78.5485107],
			"San Vicente Bellavista": [-1.139243, -78.558321],
			"Callate La Y": [-1.159084, -78.544531],
			"Penileo": [-1.162189, -78.5592],
			"Centro": [-1.146675, -78.55512],
			"Israel": [-1.158842, -78.553626],
			"Tres Esquinas": [-1.154044, -78.553696],
			"Cruzpamba": [-1.147244, -78.543951]
		},
		"ME": {
			"Centro": [-1.174365, -78.523254],
			"Rocafuerte": [-1.167926, -78.518764],
			"García Moreno": [-1.177116, -78.533393],
			"Pampamía": [-1.174618, -78.532969],
			"Guanguibana": [-1.162009, -78.518783],
			"Tasinteo": [-1.166715, -78.502475],
			"San Marcos": [-1.185519, -78.505326],
			"El Rosario": [-1.183167, -78.518826],
			"Santa Marianita": [-1.180944, -78.526143],
			"El Progreso": [-1.177605, -78.514979]
		},
		"SM": {
			"Centro": [-1.20371, -78.538478],
			"Yacupamba": [-1.209416, -78.531354],
			"San Jacinto": [-1.203533, -78.518796],
			"El Censo": [-1.194809, -78.539291],
			"San José de Cruzñan": [-1.193396, -78.532864],
			"San Pedro de Cruzñan": [-1.197059, -78.529297],
			"Panguihua": [-1.200387, -78.546235],
			"San Juan": [-1.19483, -78.525486],
			"Calvario": [-1.199331, -78.53578],
			"Huaynacuri": [-1.201275, -78.527331],
			"La Esperanza": [-1.213396, -78.522699],
			"Quillán": [-1.220307, -78.530571],
			"Santa Ana": [-1.205981, -78.526497],
			"Chacata": [-1.184324, -78.526457],
			"San Isidro": [-1.207512, -78.535968],
			"Bellavista": [-1.20238, -78.533516],
			"Chacata El Carmen": [-1.184968, -78.528196],
			"San Fernando": [-1.187766, -78.51966],
			"Plazuela": [-1.195736, -78.510063],
			"El Rosario": [-1.213649, -78.514663],
			"Quillán Pata": [-1.210238, -78.535995],
			"Quillán La Playa": [-1.220525, -78.538017]
		}
	},
	"SA": {
		"SMl": {
			"Salcedo": [-1.043159, -78.590645]
		}
	}
}
